Params,C,l1_ratio,penalty,mean_AUC
Package defaults,1.0,,l2,0.8154777971857748
Our best params,0.18690613432669007,0.000493375160044834,elasticnet,0.8159751811003286
