Optimizer,Dataset 31 tunability,Dataset 37 tunability,Dataset 45062 tunability,Dataset 43980 tunability,Mean Tunability,STD Tunability
RandomSearch,0.01254761904761903,0.0015597484276728135,0.0028134745396823924,0.0048675990003844705,0.0054471102538396765,0.004266165651549505
BayesianSearch,0.01680952380952394,0.0005031446540879614,0.010685068368331385,0.009152405324875268,0.009287535539204639,0.0058248860277402385
