Optimizer,Dataset 31 tunability,Dataset 37 tunability,Dataset 45062 tunability,Dataset 43980 tunability,Mean Tunability,STD Tunability
RandomSearch,0.000523809523809482,0.0007421383647796542,0.00040963389834813846,0.0003076821414840225,0.0004958159821053243,0.00016146210711119916
BayesianSearch,0.0008095238095238155,0.0010698812019566128,0.0004157988938416901,0.00032915224913510066,0.0006560890386143048,0.0002997470606016742
