Optimizer,Dataset 31 tunability,Dataset 37 tunability,Dataset 45062 tunability,Dataset 43980 tunability,Mean Tunability,STD Tunability
RandomSearch,0.0,0.003353598881900788,0.0,0.008334234429065668,0.002921958327741614,0.003411551227193997
BayesianSearch,0.006714285714285784,0.005675052410901493,0.004206967075569112,0.031386678200692075,0.011995745850362116,0.011230742617279845
