{"n_estimators": 342, "criterion": "log_loss", "bootstrap": true, "max_samples": 0.9160670889788709, "max_features": 0.505974187008669, "min_samples_leaf": 0.05127717434336672}