{"score": -24.401931047529846, "params": {"alpha": 62.972851792698236, "copy_X": true, "fit_intercept": false, "l1_ratio": 0.1487418805121171}}