{"score": -24.489263519256305, "params": {"learning_rate": 0.019221725110274982, "max_depth": 7, "max_features": 0.15346773276790213, "min_samples_leaf": 6, "min_samples_split": 17, "n_estimators": 126}}