{"score": -24.60194090854074, "params": {"alpha": 31.56459146887941, "copy_X": true, "fit_intercept": true}}