{"score": -25.27102627375989, "params": {"alpha": 37.54425692793003, "copy_X": true, "fit_intercept": true}}