f1,accuracy,brier_score,roc_auc
0.5163415313041492,0.5092271293375394,0.2907159131139728,0.5591797660072911
