f1,accuracy,brier_score,roc_auc
0.49221429335029077,0.4986855941114616,0.25014538180901774,0.4969911196747903
