f1,accuracy,brier_score,roc_auc
0.7307675749087413,0.7310302907506838,0.18012002079282122,0.8042599683539099
