f1,accuracy,brier_score,roc_auc
0.8860755587730904,0.8881703470031546,0.08421092487342936,0.9409137395106983
