{"score": 0.6758427569853283, "params": {"max_features": 0.3156465989428795, "max_samples": 0.7265153384229461, "min_samples_leaf": 32, "n_estimators": 215}}