f1,accuracy,brier_score,roc_auc
0.8167488085170392,0.8214111328125,0.12142014433973826,0.8933222706464217
