f1,accuracy,brier_score,roc_auc
0.6414092328212819,0.6414300736067298,0.21726704869909,0.7063978672071349
