f1,accuracy,brier_score,roc_auc
0.7278249661387888,0.7284976192888258,0.18486121770843883,0.7943267639734592
