f1,accuracy,brier_score,roc_auc
0.7646620779705536,0.7904052734375,0.14568564453125,0.8773250698709754
