f1,accuracy,brier_score,roc_auc
0.6608571773207046,0.6609884332281808,0.21533547055730812,0.7227014067874759
