f1,accuracy,brier_score,roc_auc
0.7284983404123946,0.72027587890625,0.18407263635948803,0.7844125996569398
