f1,accuracy,brier_score,roc_auc
0.37198344622536517,0.49868301083983385,0.2930766820659606,0.6244004163829375
