f1,accuracy,brier_score,roc_auc
0.8740404636338248,0.876919032597266,0.09268859621451105,0.9348083929835166
