{"n_estimators": 174, "criterion": "entropy", "bootstrap": true, "max_samples": 0.8063870573788731, "max_features": 0.8203305326784874, "min_samples_leaf": 0.05002129951703756}